career_title,description,skills,personality_match,education_requirement,average_salary_usd,job_outlook,gigs,courses,course_url
Data Scientist,Analyze and interpret complex data to help organizations make decisions.,"Python, Machine Learning, Statistics, Data Visualization","Analytical, Curious, Problem-Solver","Bachelor's in Data Science, Computer Science, or related field",120000,"High growth, demand across industries","Freelance data analysis, predictive modeling for startups",Data Science Specialization by Johns Hopkins (Coursera),https://www.coursera.org/specializations/jhu-data-science
AI Engineer,Design and deploy AI models and systems for automation and prediction.,"Deep Learning, TensorFlow, PyTorch, Python","Innovative, Logical, Persistent","Bachelor's in AI, Computer Science, or related field",140000,"Very high growth, core in emerging tech","AI chatbot development, model fine-tuning projects",AI For Everyone by Andrew Ng (Coursera),https://www.coursera.org/learn/ai-for-everyone
Cybersecurity Analyst,Protect systems and networks from cyber threats and breaches.,"Network Security, Penetration Testing, Risk Assessment","Detail-Oriented, Vigilant, Ethical",Bachelor's in Cybersecurity or related IT field,98000,High demand due to increasing cyber threats,"Freelance vulnerability testing, security audits",IBM Cybersecurity Analyst Professional Certificate (Coursera),https://www.coursera.org/professional-certificates/ibm-cybersecurity-analyst
UX/UI Designer,Design intuitive and user-friendly interfaces for apps and websites.,"Figma, Adobe XD, User Research, Wireframing","Creative, Empathetic, Detail-Oriented","Bachelor's in Design, HCI, or related field",85000,High demand in tech and design industries,"Freelance website redesign, mobile app UI projects",Google UX Design Professional Certificate (Coursera),https://www.coursera.org/professional-certificates/google-ux-design
Cloud Solutions Architect,Design and implement scalable cloud computing solutions.,"AWS, Azure, GCP, Cloud Security, DevOps","Strategic, Analytical, Problem-Solver",Bachelor's in Computer Science or related field,130000,Very high demand across industries,"Cloud migration consulting, AWS infrastructure setup",AWS Solutions Architect Certification (Udemy),https://www.udemy.com/course/aws-certified-solutions-architect-associate/
Blockchain Developer,Build decentralized applications and smart contracts on blockchain platforms.,"Solidity, Ethereum, Smart Contracts, Cryptography","Innovative, Logical, Risk-Taker",Bachelor's in Computer Science or related field,125000,High demand in fintech and decentralized tech,"NFT smart contract development, DeFi app projects",Blockchain Specialization by University at Buffalo (Coursera),https://www.coursera.org/specializations/blockchain
Game Developer,Design and develop interactive games for various platforms.,"Unity, Unreal Engine, C#, C++","Creative, Problem-Solver, Team Player",Bachelor's in Game Development or Computer Science,80000,"Steady growth, expanding into AR/VR","Freelance game prototyping, mobile game development",Complete C# Unity Game Developer 2D (Udemy),https://www.udemy.com/course/unitycourse/
Digital Marketing Specialist,Plan and execute online marketing campaigns for brands.,"SEO, SEM, Google Analytics, Social Media Marketing","Persuasive, Strategic, Creative",Bachelor's in Marketing or Business,65000,High demand in all industries,"Social media management, PPC campaign setup",Digital Marketing Specialization by Illinois (Coursera),https://www.coursera.org/specializations/digital-marketing
Robotics Engineer,Design and build robotic systems for automation.,"Robotics, CAD, Control Systems, Python","Innovative, Analytical, Problem-Solver",Bachelor's in Robotics or Mechanical/Electrical Engineering,105000,High demand in manufacturing and healthcare,"Prototyping custom robots, robotics automation consulting",Modern Robotics Specialization (Coursera),https://www.coursera.org/specializations/modern-robotics
Mobile App Developer,Create apps for mobile devices on Android and iOS platforms.,"Java, Kotlin, Swift, Flutter","Creative, Logical, Problem-Solver",Bachelor's in Computer Science or related field,95000,High demand due to mobile-first world,"Freelance mobile app development, app optimization",iOS App Development with Swift Specialization (Coursera),https://www.coursera.org/specializations/app-development
Data Analyst,"Collect, process, and analyze data to help businesses make informed decisions.","SQL, Excel, Data Visualization, Python","Analytical, Detail-Oriented, Curious","Bachelor's in Data Science, Statistics, or related field",70000,Steady growth as data becomes more integral to business,"Freelance data reporting, dashboard creation for small businesses",Data Analysis with Python (Coursera),https://www.coursera.org/learn/data-analysis-with-python
Full Stack Developer,Develop both front-end and back-end components of web applications.,"JavaScript, Node.js, React, HTML/CSS","Versatile, Problem-Solver, Team Player",Bachelor's in Computer Science or related field,110000,High demand as businesses seek versatile developers,"Freelance web development, full-stack project consulting",Full Stack Web Development with React Specialization (Coursera),https://www.coursera.org/specializations/full-stack-react
Product Manager,"Oversee the development and lifecycle of a product, from ideation to launch.","Product Roadmap, Agile, Market Research, Communication","Strategic, Leader, Empathetic, Communicator","Bachelor's in Business, Computer Science, or related field",115000,"High growth, essential role in tech companies","Product strategy consulting, new feature planning",Product Management Specialization (Coursera),https://www.coursera.org/specializations/product-management
Bioinformatics Scientist,"Analyze biological data, such as DNA sequences, using computational tools.","Python, R, Genomics, Data Analysis","Analytical, Detail-Oriented, Scientific",Master's or Ph.D. in Bioinformatics or related field,100000,High growth in biotech and healthcare,Genomic data analysis for research labs,Bioinformatics Specialization (Coursera),https://www.coursera.org/specializations/bioinformatics
Embedded Systems Engineer,Develop software for microcontrollers and embedded devices.,"C/C++, Embedded C, RTOS, Hardware Integration","Logical, Meticulous, Problem-Solver",Bachelor's in Electrical or Computer Engineering,108000,"Steady demand in IoT, automotive, and consumer electronics",Firmware development for smart devices,Embedded Systems Specialization (Coursera),https://www.coursera.org/specializations/introduction-embedded-systems
Machine Learning Engineer,Build and deploy machine learning models and pipelines.,"Python, Scikit-learn, TensorFlow, MLOps","Innovative, Analytical, Persistent",Bachelor's in Computer Science or related field,135000,"Very high growth, key role in AI development","Building custom ML models for businesses, model optimization",Deep Learning Specialization by Andrew Ng (Coursera),https://www.coursera.org/specializations/deep-learning
Network Engineer,"Design, implement, and maintain computer networks.","Cisco, Juniper, TCP/IP, Network Security","Logical, Problem-Solver, Detail-Oriented",Bachelor's in Networking or Computer Science,92000,Steady demand as networks are critical for business,Network setup and configuration for small businesses,Cisco CCNA Certification Training (Udemy),https://www.udemy.com/course/cisco-ccna-200-301-complete-course/
DevOps Engineer,Automate and streamline development and operations processes.,"Docker, Kubernetes, Jenkins, AWS","Collaborative, Innovative, Problem-Solver",Bachelor's in Computer Science or related field,128000,"High growth, crucial for modern software development","Setting up CI/CD pipelines, containerization projects",DevOps Specialization (Coursera),https://www.coursera.org/specializations/devops-culture-and-tools
AR/VR Developer,Create augmented and virtual reality experiences and applications.,"Unity, C#, Unreal Engine, 3D Modeling","Creative, Innovative, Detail-Oriented",Bachelor's in Computer Science or related field,105000,"Rapid growth in entertainment, education, and industry","Developing VR training simulations, AR filters for brands",Unity Certified Associate: Game Developer (Coursera),https://www.coursera.org/professional-certificates/unity-certified-associate-game-developer
Ethical Hacker,Legally penetrate systems to find and fix security vulnerabilities.,"Penetration Testing, Kali Linux, Exploit Development","Vigilant, Ethical, Problem-Solver",Bachelor's in Cybersecurity or related IT field,102000,High demand due to increasing need for security,"Bug bounty hunting, penetration testing services",Certified Ethical Hacker (CEH) certification training,https://www.eccouncil.org/programs/certified-ethical-hacker-ceh/
Full-Stack Developer,Build both the front-end and back-end of websites and applications.,"JavaScript, Node.js, React, SQL, MongoDB","Versatile, Logical, Problem-Solver",Bachelor's in Computer Science or self-taught,110000,"High demand, especially in startups and small businesses","Freelance web development, building full-scale web apps",The Complete 2024 Web Development Bootcamp (Udemy),https://www.udemy.com/course/the-complete-web-development-bootcamp/
Data Engineer,Design and build data pipelines and infrastructure for large datasets.,"SQL, Python, ETL, Spark, Hadoop","Analytical, Meticulous, Systematic",Bachelor's in Computer Science or related field,122000,High demand due to data-driven business models,"Data pipeline setup for startups, data migration projects",Data Engineering with Google Cloud Professional Certificate (Coursera),https://www.coursera.org/professional-certificates/gcp-data-engineering
UX Researcher,"Conduct research to understand user behaviors, needs, and motivations.","User Interviews, Usability Testing, Surveys, Personas","Empathetic, Curious, Analytical","Bachelor's in Psychology, HCI, or related field",90000,High demand as companies focus on user-centric design,"Freelance user research for startups, usability audits",UX Research and Design Specialization (Coursera),https://www.coursera.org/specializations/user-experience-research-design
IoT Developer,Build and maintain systems for interconnected smart devices.,"Embedded C, Python, MQTT, AWS IoT","Innovative, Logical, Problem-Solver",Bachelor's in Computer Science or Electrical Engineering,105000,"High growth in home automation, industrial and smart cities",Developing firmware for new smart home devices,Internet of Things Specialization (Coursera),https://www.coursera.org/specializations/iot
Cloud Security Engineer,Secure cloud environments and protect data and applications.,"Cloud Security, AWS, Azure, IAM, CISSP","Vigilant, Strategic, Proactive",Bachelor's in Cybersecurity or Computer Science,135000,Very high demand as more companies move to the cloud,"Cloud security audits, compliance consulting",Google Cloud Security Professional Certificate (Coursera),https://www.coursera.org/professional-certificates/google-cloud-security-engineer
Technical Writer,Create clear and concise documentation for technical products.,"API Documentation, Markdown, Git, Clear Communication","Meticulous, Communicator, Detail-Oriented","Bachelor's in English, Communications, or a technical field",75000,Steady demand in software and hardware companies,"Freelance documentation for startups, user manuals",Technical Writing Specialization (Coursera),https://www.coursera.org/specializations/technical-writing
Site Reliability Engineer (SRE),Ensure the reliability and performance of systems and applications.,"Linux, Python, Cloud Computing, Automation","Problem-Solver, Logical, Proactive",Bachelor's in Computer Science or related field,140000,"High demand, especially in large tech companies","System monitoring and optimization, reliability consulting",Google's Site Reliability Engineering Specialization (Coursera),https://www.coursera.org/specializations/site-reliability-engineering
Financial Analyst,Analyze financial data to provide insights and guide business decisions.,"Financial Modeling, Excel, SQL, Data Analysis","Analytical, Detail-Oriented, Strategic","Bachelor's in Finance, Accounting, or Economics",85000,Steady demand across all business sectors,"Financial planning for small businesses, investment analysis",Financial Modeling and Valuation Analyst (FMVA) Certification,https://corporatefinanceinstitute.com/certifications/fmva-certification-program/
Quantum Computing Engineer,Develop hardware and software for quantum computers.,"Quantum Mechanics, Python (Qiskit), C++, Linear Algebra","Innovative, Theoretical, Problem-Solver",Master's or Ph.D. in Physics or Computer Science,150000,Emerging field with high long-term growth potential,"Quantum algorithm development, research projects",Quantum Computing Fundamentals (Coursera),https://www.coursera.org/learn/quantum-computing-fundamentals
Database Administrator,Manage and maintain databases to ensure security and performance.,"SQL, Oracle, MongoDB, Database Tuning","Logical, Meticulous, Responsible",Bachelor's in Computer Science or related field,98000,Steady demand as data storage is critical,"Database migration, performance tuning for businesses",Microsoft SQL Server for Database Administrators (Udemy),https://www.udemy.com/course/sql-server-for-database-administrators/
Aerospace Engineer,"Design, develop, and test aircraft, spacecraft, and missiles.","CAD, Thermodynamics, Fluid Dynamics, Materials Science","Analytical, Innovative, Detail-Oriented",Bachelor's in Aerospace or Mechanical Engineering,115000,Steady demand in defense and space exploration sectors,"Aerodynamics simulation consulting, drone design",Introduction to Aerospace Engineering (Coursera),https://www.coursera.org/learn/introduction-aerospace-engineering
Human Resources Manager,"Manage employee relations, recruitment, and organizational development.","Recruitment, Performance Management, HRIS, Employment Law","Empathetic, Organized, Communicator",Bachelor's in Human Resources or Business Administration,105000,Steady demand across all industries,"HR consulting for startups, policy development",HR Management and Analytics Specialization (Coursera),https://www.coursera.org/specializations/hr-management-analytics
Project Manager,"Plan, execute, and finalize projects according to deadlines and budget.","Agile, Scrum, Project Planning, Risk Management","Organized, Leader, Strategic, Communicator",Bachelor's in Business or related field,95000,"High demand in most industries, especially tech and construction",Freelance project management for small companies,Google Project Management Professional Certificate (Coursera),https://www.coursera.org/professional-certificates/google-project-management
Social Media Manager,Develop and manage social media strategies to grow brand presence.,"Content Creation, Analytics, SEO, Community Management","Creative, Persuasive, Organized",Bachelor's in Marketing or Communications,60000,"High demand, critical for modern marketing","Managing social media for small businesses, content creation",Social Media Marketing Specialization (Coursera),https://www.coursera.org/specializations/social-media-marketing
Electrical Engineer,Design and develop electrical systems and components.,"Circuit Design, PCB Design, Signal Processing, Microcontrollers","Logical, Problem-Solver, Detail-Oriented",Bachelor's in Electrical Engineering,99000,"Steady demand in power, electronics, and automotive industries","Circuit board design for startups, electronics consulting",Fundamentals of Electrical Engineering (Coursera),https://www.coursera.org/learn/electrical-engineering-fundamentals
Business Analyst,Bridge the gap between business problems and technology solutions.,"Requirements Gathering, Data Modeling, SQL, Communication","Analytical, Communicator, Strategic","Bachelor's in Business, IT, or related field",90000,High demand across industries for process improvement,"Process analysis for small businesses, requirements documentation",Business Analyst Training & Certification (Udemy),https://www.udemy.com/course/business-analyst-training-certification/
Robotics Process Automation (RPA) Developer,"Automate repetitive, rule-based tasks using software robots.","UiPath, Blue Prism, Automation Anywhere, Process Mapping","Logical, Systematic, Problem-Solver","Bachelor's in IT, Computer Science, or related field",95000,High growth as companies seek to increase efficiency,"Automating business processes, building custom bots",RPA Developer Foundation (UiPath Academy),https://academy.uipath.com/learning-plans/rpa-developer-foundation
Game Designer,"Create the concepts, mechanics, and storylines for video games.","Game Mechanics, Storytelling, Level Design, Unity","Creative, Innovative, Team Player",Bachelor's in Game Design or related field,80000,Steady growth with the rise of indie games and mobile gaming,"Freelance game design for indie studios, game concept development",Game Design and Development Specialization (Coursera),https://www.coursera.org/specializations/game-design-development
Data Visualization Specialist,Create visual representations of data to communicate insights effectively.,"Tableau, Power BI, D3.js, Data Storytelling","Creative, Analytical, Detail-Oriented","Bachelor's in Data Science, Design, or related field",85000,Growing demand as data visualization becomes essential for decision-making,"Freelance dashboard creation, data storytelling for businesses",Data Visualization with Tableau Specialization (Coursera),https://www.coursera.org/specializations/data-visualization-tableau
Network Security Engineer,Protect networks from security breaches and cyber threats.,"Firewalls, Intrusion Detection, VPNs, Network Protocols","Vigilant, Analytical, Problem-Solver",Bachelor's in Cybersecurity or related IT field,110000,High demand due to increasing cyber threats,"Network security audits, firewall configuration for businesses",Cybersecurity Specialization (Coursera),https://www.coursera.org/specializations/cyber-security
Systems Analyst,Analyze and improve IT systems to meet business needs.,"Systems Design, Requirements Analysis, SQL, Communication","Analytical, Problem-Solver, Communicator",Bachelor's in Computer Science or related field,90000,Steady demand as businesses seek to optimize IT systems,"IT system analysis for small businesses, process improvement consulting",Systems Analysis and Design Specialization (Coursera),https://www.coursera.org/specializations/systems-analysis-design
Content Strategist,Plan and manage content creation and distribution to achieve business goals.,"Content Marketing, SEO, Analytics, Communication","Creative, Strategic, Organized","Bachelor's in Marketing, Communications, or related field",75000,Growing demand as content marketing becomes essential for brands,"Freelance content strategy for startups, blog management",Content Strategy for Professionals Specialization (Coursera),https://www.coursera.org/specializations/content-strategy
Product Manager,"Oversee the development and lifecycle of a product, from ideation to launch.","Product Roadmap, Agile, Market Research, Communication","Strategic, Leader, Empathetic, Communicator","Bachelor's in Business, Computer Science, or related field",115000,"High growth, essential role in tech companies","Product strategy consulting, new feature planning",Product Management Specialization (Coursera),https://www.coursera.org/specializations/product-management
Bioinformatics Scientist,"Analyze biological data, such as DNA sequences, using computational tools.","Python, R, Genomics, Data Analysis","Analytical, Detail-Oriented, Scientific",Master's or Ph.D. in Bioinformatics or related field,100000,High growth in biotech and healthcare,Genomic data analysis for research labs,Bioinformatics Specialization (Coursera),https://www.coursera.org/specializations/bioinformatics
Embedded Systems Engineer,Develop software for microcontrollers and embedded devices.,"C/C++, Embedded C, RTOS, Hardware Integration","Logical, Meticulous, Problem-Solver",Bachelor's in Electrical or Computer Engineering,108000,"Steady demand in IoT, automotive, and consumer electronics",Firmware development for smart devices,Embedded Systems Specialization (Coursera),https://www.coursera.org/specializations/introduction-embedded-systems
Machine Learning Engineer,Build and deploy machine learning models and pipelines.,"Python, Scikit-learn, TensorFlow, MLOps","Innovative, Analytical, Persistent",Bachelor's in Computer Science or related field,135000,"Very high growth, key role in AI development","Building custom ML models for businesses, model optimization",Deep Learning Specialization by Andrew Ng (Coursera),https://www.coursera.org/specializations/deep-learning
Network Engineer,"Design, implement, and maintain computer networks.","Cisco, Juniper, TCP/IP, Network Security","Logical, Problem-Solver, Detail-Oriented",Bachelor's in Networking or Computer Science,92000,Steady demand as networks are critical for business,Network setup and configuration for small businesses,Cisco CCNA Certification Training (Udemy),https://www.udemy.com/course/cisco-ccna-200-301-complete-course/
DevOps Engineer,Automate and streamline development and operations processes.,"Docker, Kubernetes, Jenkins, AWS","Collaborative, Innovative, Problem-Solver",Bachelor's in Computer Science or related field,128000,"High growth, crucial for modern software development","Setting up CI/CD pipelines, containerization projects",DevOps Specialization (Coursera),https://www.coursera.org/specializations/devops-culture-and-tools
AR/VR Developer,Create augmented and virtual reality experiences and applications.,"Unity, C#, Unreal Engine, 3D Modeling","Creative, Innovative, Detail-Oriented",Bachelor's in Computer Science or related field,105000,"Rapid growth in entertainment, education, and industry","Developing VR training simulations, AR filters for brands",Unity Certified Associate: Game Developer (Coursera),https://www.coursera.org/professional-certificates/unity-certified-associate-game-developer
Ethical Hacker,Legally penetrate systems to find and fix security vulnerabilities.,"Penetration Testing, Kali Linux, Exploit Development","Vigilant, Ethical, Problem-Solver",Bachelor's in Cybersecurity or related IT field,102000,High demand due to increasing need for security,"Bug bounty hunting, penetration testing services",Certified Ethical Hacker (CEH) certification training,https://www.eccouncil.org/programs/certified-ethical-hacker-ceh/
Full-Stack Developer,Build both the front-end and back-end of websites and applications.,"JavaScript, Node.js, React, SQL, MongoDB","Versatile, Logical, Problem-Solver",Bachelor's in Computer Science or self-taught,110000,"High demand, especially in startups and small businesses","Freelance web development, building full-scale web apps",The Complete 2024 Web Development Bootcamp (Udemy),https://www.udemy.com/course/the-complete-web-development-bootcamp/
Data Engineer,Design and build data pipelines and infrastructure for large datasets.,"SQL, Python, ETL, Spark, Hadoop","Analytical, Meticulous, Systematic",Bachelor's in Computer Science or related field,122000,High demand due to data-driven business models,"Data pipeline setup for startups, data migration projects",Data Engineering with Google Cloud Professional Certificate (Coursera),https://www.coursera.org/professional-certificates/gcp-data-engineering
UX Researcher,"Conduct research to understand user behaviors, needs, and motivations.","User Interviews, Usability Testing, Surveys, Personas","Empathetic, Curious, Analytical","Bachelor's in Psychology, HCI, or related field",90000,High demand as companies focus on user-centric design,"Freelance user research for startups, usability audits",UX Research and Design Specialization (Coursera),https://www.coursera.org/specializations/user-experience-research-design
IoT Developer,Build and maintain systems for interconnected smart devices.,"Embedded C, Python, MQTT, AWS IoT","Innovative, Logical, Problem-Solver",Bachelor's in Computer Science or Electrical Engineering,105000,"High growth in home automation, industrial and smart cities",Developing firmware for new smart home devices,Internet of Things Specialization (Coursera),https://www.coursera.org/specializations/iot
Cloud Security Engineer,Secure cloud environments and protect data and applications.,"Cloud Security, AWS, Azure, IAM, CISSP","Vigilant, Strategic, Proactive",Bachelor's in Cybersecurity or Computer Science,135000,Very high demand as more companies move to the cloud,"Cloud security audits, compliance consulting",Google Cloud Security Professional Certificate (Coursera),https://www.coursera.org/professional-certificates/google-cloud-security-engineer
Technical Writer,Create clear and concise documentation for technical products.,"API Documentation, Markdown, Git, Clear Communication","Meticulous, Communicator, Detail-Oriented","Bachelor's in English, Communications, or a technical field",75000,Steady demand in software and hardware companies,"Freelance documentation for startups, user manuals",Technical Writing Specialization (Coursera),https://www.coursera.org/specializations/technical-writing
Site Reliability Engineer (SRE),Ensure the reliability and performance of systems and applications.,"Linux, Python, Cloud Computing, Automation","Problem-Solver, Logical, Proactive",Bachelor's in Computer Science or related field,140000,"High demand, especially in large tech companies","System monitoring and optimization, reliability consulting",Google's Site Reliability Engineering Specialization (Coursera),https://www.coursera.org/specializations/site-reliability-engineering
Financial Analyst,Analyze financial data to provide insights and guide business decisions.,"Financial Modeling, Excel, SQL, Data Analysis","Analytical, Detail-Oriented, Strategic","Bachelor's in Finance, Accounting, or Economics",85000,Steady demand across all business sectors,"Financial planning for small businesses, investment analysis",Financial Modeling and Valuation Analyst (FMVA) Certification,https://corporatefinanceinstitute.com/certifications/fmva-certification-program/
Quantum Computing Engineer,Develop hardware and software for quantum computers.,"Quantum Mechanics, Python (Qiskit), C++, Linear Algebra","Innovative, Theoretical, Problem-Solver",Master's or Ph.D. in Physics or Computer Science,150000,Emerging field with high long-term growth potential,"Quantum algorithm development, research projects",Quantum Computing Fundamentals (Coursera),https://www.coursera.org/learn/quantum-computing-fundamentals
Database Administrator,Manage and maintain databases to ensure security and performance.,"SQL, Oracle, MongoDB, Database Tuning","Logical, Meticulous, Responsible",Bachelor's in Computer Science or related field,98000,Steady demand as data storage is critical,"Database migration, performance tuning for businesses",Microsoft SQL Server for Database Administrators (Udemy),https://www.udemy.com/course/sql-server-for-database-administrators/
Aerospace Engineer,"Design, develop, and test aircraft, spacecraft, and missiles.","CAD, Thermodynamics, Fluid Dynamics, Materials Science","Analytical, Innovative, Detail-Oriented",Bachelor's in Aerospace or Mechanical Engineering,115000,Steady demand in defense and space exploration sectors,"Aerodynamics simulation consulting, drone design",Introduction to Aerospace Engineering (Coursera),https://www.coursera.org/learn/introduction-aerospace-engineering
Human Resources Manager,"Manage employee relations, recruitment, and organizational development.","Recruitment, Performance Management, HRIS, Employment Law","Empathetic, Organized, Communicator",Bachelor's in Human Resources or Business Administration,105000,Steady demand across all industries,"HR consulting for startups, policy development",HR Management and Analytics Specialization (Coursera),https://www.coursera.org/specializations/hr-management-analytics
Project Manager,"Plan, execute, and finalize projects according to deadlines and budget.","Agile, Scrum, Project Planning, Risk Management","Organized, Leader, Strategic, Communicator",Bachelor's in Business or related field,95000,"High demand in most industries, especially tech and construction",Freelance project management for small companies,Google Project Management Professional Certificate (Coursera),https://www.coursera.org/professional-certificates/google-project-management
Social Media Manager,Develop and manage social media strategies to grow brand presence.,"Content Creation, Analytics, SEO, Community Management","Creative, Persuasive, Organized",Bachelor's in Marketing or Communications,60000,"High demand, critical for modern marketing","Managing social media for small businesses, content creation",Social Media Marketing Specialization (Coursera),https://www.coursera.org/specializations/social-media-marketing
Electrical Engineer,Design and develop electrical systems and components.,"Circuit Design, PCB Design, Signal Processing, Microcontrollers","Logical, Problem-Solver, Detail-Oriented",Bachelor's in Electrical Engineering,99000,"Steady demand in power, electronics, and automotive industries","Circuit board design for startups, electronics consulting",Fundamentals of Electrical Engineering (Coursera),https://www.coursera.org/learn/electrical-engineering-fundamentals
Business Analyst,Bridge the gap between business problems and technology solutions.,"Requirements Gathering, Data Modeling, SQL, Communication","Analytical, Communicator, Strategic","Bachelor's in Business, IT, or related field",90000,High demand across industries for process improvement,"Process analysis for small businesses, requirements documentation",Business Analyst Training & Certification (Udemy),https://www.udemy.com/course/business-analyst-training-certification/
Robotics Process Automation (RPA) Developer,"Automate repetitive, rule-based tasks using software robots.","UiPath, Blue Prism, Automation Anywhere, Process Mapping","Logical, Systematic, Problem-Solver","Bachelor's in IT, Computer Science, or related field",95000,High growth as companies seek to increase efficiency,"Automating business processes, building custom bots",RPA Developer Foundation (UiPath Academy),https://academy.uipath.com/learning-plans/rpa-developer-foundation
UX Writer,Craft copy for user interfaces that guides users and helps them complete tasks.,"Microcopy, Content Strategy, User-Centered Design, Tone of Voice","Empathetic, Detail-Oriented, Clear Communicator","Bachelor's in English, Communications, or a related field",90000,"High growth, increasingly valued in product development","Freelance app copy, microcopy for websites, chatbot scriptwriting",UX Writing Fundamentals (UX Content Collective),https://uxcc.com/courses/ux-writing-essentials
Podiatrist,"Diagnose and treat conditions of the foot, ankle, and related structures of the leg.","Diagnosis, Surgery, Wound Care, Patient Management","Empathetic, Meticulous, Problem-Solver",Doctor of Podiatric Medicine (DPM),150000,"High growth, especially with an aging population","Private practice, sports medicine consulting",Podiatric Medicine and Surgery (APMSA),https://www.apmsa.org/content.asp?pl=2&sl=28&contentid=28
Urban Planner,Develop plans and programs for the use of land and physical facilities.,"GIS, Zoning Law, Project Management, Public Policy","Strategic, Visionary, Collaborative",Master's Degree in Urban Planning or related field,80000,"Steady growth, tied to city development and infrastructure","Consulting for city development projects, sustainability planning",Urban Planning Specialization (Coursera),https://www.coursera.org/specializations/urban-planning
Dietetic Technician,Assist dietitians in providing nutrition services and food preparation.,"Meal Planning, Nutrition, Food Safety, Patient Education","Empathetic, Detail-Oriented, Organized",Associate's Degree in Dietetic Technology,38000,"High growth, supporting the work of dietitians","Working in care facilities, freelance meal prep consulting",Nutrition and Health (edX),https://www.edx.org/course/nutrition-and-health
Forensic Scientist,Analyze evidence from crime scenes to help solve criminal investigations.,"Chemistry, Biology, Lab Analysis, Evidence Handling","Meticulous, Logical, Ethical, Detail-Oriented",Bachelor's Degree in Forensic Science or a related field,65000,Steady demand in law enforcement,"Private lab analysis, expert witness testimony",Forensic Science (Coursera),https://www.coursera.org/learn/forensic-science
Chiropractor,Treat neuromuscular disorders by performing manual adjustments to the spine and other joints.,"Spinal Adjustments, Diagnosis, Patient Management, Anatomy","Empathetic, Problem-Solver, Patient",Doctor of Chiropractic (D.C.),85000,"High growth, increasing interest in non-invasive treatments","Private practice, sports medicine consulting",Anatomy and Physiology (Coursera),https://www.coursera.org/specializations/anatomy
Copywriter,Write persuasive text for advertising and marketing campaigns.,"Marketing, SEO, Persuasive Writing, Storytelling","Creative, Persuasive, Communicator","Bachelor's Degree in Marketing, English, or related field",65000,"High demand, essential for branding and advertising","Freelance ad copy, email marketing campaigns, website content",Copywriting for Beginners (Udemy),https://www.udemy.com/course/copywriting-for-beginners/
Optometrist,"Examine, diagnose, treat, and manage diseases, injuries, and disorders of the visual system.","Eye Exams, Diagnosis, Contact Lenses, Patient Care","Meticulous, Empathetic, Detail-Oriented",Doctor of Optometry (O.D.),125000,"High growth, especially with an aging population","Private practice, specializing in specific conditions",Vision Science (Coursera),https://www.coursera.org/learn/vision-science
Industrial Designer,"Develop concepts for manufactured products, from cars to toys.","CAD, 3D Modeling, Prototyping, Materials Science","Creative, Innovative, Problem-Solver",Bachelor's Degree in Industrial Design,77000,"Steady demand, tied to consumer product development","Freelance product design, 3D printing services",Industrial Design (Coursera),https://www.coursera.org/learn/industrial-design
Public Relations Specialist,"Manage the public image of a company, individual, or organization.","Media Relations, Crisis Communication, Press Releases, Social Media","Communicator, Strategic, Persuasive",Bachelor's Degree in Public Relations or Communications,65000,"Steady demand, essential for reputation management","Freelance PR consulting for startups, media outreach",Public Relations Foundations (Coursera),https://www.coursera.org/learn/public-relations-foundations
Occupational Therapist,"Help people with injuries, illnesses, or disabilities to improve their daily living skills.","Patient Assessment, Rehabilitation, Therapy Planning, Empathy","Empathetic, Patient, Problem-Solver",Master's Degree in Occupational Therapy,95000,"High growth, especially in healthcare","In-home therapy, specializing in specific conditions or age groups",Occupational Therapy (edX),https://www.edx.org/course/occupational-therapy
Linguist,Study the structure and evolution of human language.,"Grammar, Syntax, Phonetics, Data Analysis","Analytical, Curious, Detail-Oriented",Master's or Ph.D. in Linguistics,75000,"Varies by specialization, growing in tech with AI and NLP","Translation services, natural language processing consulting",Introduction to Linguistics (edX),https://www.edx.org/course/introduction-to-linguistics
Animator,"Create a series of drawings, models, or computer-generated images to simulate movement.","2D/3D Animation, Storyboarding, Adobe After Effects, Maya","Creative, Patient, Imaginative, Detail-Oriented",Bachelor's Degree in Animation or related field,80000,Steady demand in entertainment and advertising,"Freelance animation for explainer videos, motion graphics",Pixar in a Box (Khan Academy),https://www.khanacademy.org/computing/pixar
Medical Assistant,"Perform administrative and clinical tasks in the offices of physicians, hospitals, and other healthcare facilities.","Phlebotomy, Medical Terminology, Patient Intake, EMR","Organized, Empathetic, Detail-Oriented",High School Diploma and a Medical Assisting Program,42000,"High growth, consistently high demand","Working in specialized clinics, telehealth support",Medical Assisting Training (NHA),https://www.nhanow.com/certification/nha-certifications/ccma-certified-clinical-medical-assistant
Curator,"Manage and oversee a museum's collection, including research, exhibitions, and acquisitions.","Art History, Exhibition Planning, Research, Conservation","Knowledgeable, Organized, Detail-Oriented",Master's Degree in Art History or Museum Studies,68000,"Limited growth, highly competitive field","Consulting for private collections, organizing local art shows",Museums and Curatorial Studies (edX),https://www.edx.org/professional-certificate/museums-and-curatorial-studies-at-the-university-of-leeds
Biomedical Engineer,Design and develop medical devices and equipment.,"Medical Devices, Biomechanics, CAD, Signal Processing","Innovative, Analytical, Problem-Solver",Bachelor's Degree in Biomedical Engineering,100000,"High growth, tied to advances in medical technology","Prototyping new medical devices, consulting for startups",Biomedical Engineering Specialization (Coursera),https://www.coursera.org/specializations/biomedical-engineering
Forest Ranger,"Manage, protect, and maintain state or national forests.","First Aid, Conservation, Wildlife Management, Law Enforcement","Adventurous, Resilient, Responsible",High School Diploma or Bachelor's Degree in a related field,48000,"Steady demand, essential for environmental protection","Trail guide, environmental education workshops",Forest and Rangeland Stewardship (Coursera),https://www.coursera.org/learn/forest-and-rangeland-stewardship
Financial Quantitative Analyst,Use mathematical and statistical models to analyze financial markets and predict trends.,"Python, R, Stochastic Calculus, Financial Modeling","Analytical, Logical, Risk-Taker",Master's or Ph.D. in a quantitative field,150000,High demand in finance and investment,"Algorithmic trading strategy development, financial modeling consulting",Quantitative Methods for Finance (Coursera),https://www.coursera.org/specializations/quantitative-methods-for-finance
Marine Biologist,"Study marine organisms, their behaviors, and their interactions with the environment.","Biology, Ecology, Research, Data Analysis","Curious, Patient, Environmentalist",Bachelor's or Master's Degree in Marine Biology,68000,"Limited growth, highly competitive field","Environmental consulting, scientific diving",Marine Biology: An Introduction (Coursera),https://www.coursera.org/learn/marine-biology-an-introduction
Travel Agent,"Help clients plan and book their travel arrangements, from flights to hotels.","Booking Systems, Customer Service, Destination Knowledge, Sales","Organized, Friendly, Knowledgeable",High School Diploma or relevant certification,46000,Varies with the economy and digital competition,Specializing in specific destinations or types of travel,Travel and Tourism Management (Coursera),https://www.coursera.org/learn/tourism-management
Pharmacist,Dispense prescription medications and provide advice to patients on their use.,"Pharmacology, Patient Counseling, Pharmacy Law, Chemistry","Meticulous, Ethical, Detail-Oriented",Doctor of Pharmacy (Pharm.D.),130000,"Steady demand, essential for healthcare","Pharmacist consulting, medication management services",Introduction to Pharmacy (Coursera),https://www.coursera.org/learn/pharmacy
Market Research Analyst,Study market conditions to examine potential sales of a product or service.,"Data Analysis, Statistics, Survey Design, Market Trends","Analytical, Curious, Strategic",Bachelor's Degree in Marketing or Business,70000,"High growth, essential for business decision-making","Freelance market research for small businesses, consumer surveys",Market Research Specialization (Coursera),https://www.coursera.org/specializations/market-research
School Counselor,"Help students develop academic, social, and career goals.","Counseling, Mentoring, Academic Advising, Crisis Intervention","Empathetic, Patient, Good Listener",Master's Degree in School Counseling,65000,"High growth, increasing focus on student well-being","Private college counseling, tutoring services",School Counseling: The Basics (Coursera),https://www.coursera.org/learn/school-counseling-basics
Urban Farmer,Cultivate crops and raise livestock in a controlled urban environment.,"Horticulture, Hydroponics, Aquaponics, Sustainable Farming","Innovative, Patient, Resilient",High School Diploma or relevant experience,40000,Emerging field with high growth potential,"Running a rooftop farm, selling produce at local markets",Urban Farming and Food Production (edX),https://www.edx.org/course/urban-farming-and-food-production
Animator,"Create a series of drawings, models, or computer-generated images to simulate movement.","2D/3D Animation, Storyboarding, Adobe After Effects, Maya","Creative, Patient, Imaginative, Detail-Oriented",Bachelor's Degree in Animation or related field,80000,Steady demand in entertainment and advertising,"Freelance animation for explainer videos, motion graphics",Pixar in a Box (Khan Academy),https://www.khanacademy.org/computing/pixar
Event Planner,"Organize and manage events, from conferences to weddings.","Budgeting, Vendor Management, Logistics, Communication","Organized, Creative, Detail-Oriented, Calm under pressure",Bachelor's Degree in Hospitality or Event Management,55000,Steady demand in corporate and private sectors,"Wedding planning, corporate event coordination",Event Management Certification (Coursera),https://www.coursera.org/specializations/event-management
Interior Designer,Plan and design the aesthetic and functional interior spaces of buildings.,"Space Planning, CAD, Color Theory, Furniture Selection","Creative, Detail-Oriented, Visionary",Bachelor's Degree in Interior Design,68000,"Steady growth, tied to real estate and construction","Residential interior design, home staging services",Interior Design Fundamentals (Udemy),https://www.udemy.com/course/the-complete-interior-design-course-with-style/
Human Resources Manager,"Manage employee relations, recruitment, and organizational development.","Recruitment, Performance Management, HRIS, Employment Law","Empathetic, Organized, Communicator",Bachelor's in Human Resources or Business Administration,105000,Steady demand across all industries,"HR consulting for startups, policy development",HR Management and Analytics Specialization (Coursera),https://www.coursera.org/specializations/hr-management-analytics
Graphic Designer,"Create visual concepts to communicate ideas that inspire, inform, and captivate consumers.","Adobe Creative Suite, Typography, Branding, Layout Design","Creative, Detail-Oriented, Collaborative",Bachelor's Degree in Graphic Design or related field,63000,"Steady demand, especially in digital media","Freelance logo design, social media content creation",Graphic Design Specialization (Coursera),https://www.coursera.org/specializations/graphic-design
